INSERT INTO user_entity (id, username, password, email, phone_number, personal_description, avatar, full_name, account_non_expired, account_non_locked, credentials_non_expired, enabled) VALUES ('09fe7587-487a-49ba-8188-ec1a9ddc7b3f', 'marco', '{bcrypt}$2a$12$XH8wT6/caAydqRgAMb1pn.B44Jby3J8b5Uz82kfqOh2QLmpJbpn1G', 'marco@gmail.com', '408452322','Soy estudiante de programacion en Sevilla', 'https://png.pngtree.com/png-clipart/20230927/original/pngtree-man-avatar-image-for-profile-png-image_13001877.png',  'Marco Pertegal Prieto', true, true, true, true);
INSERT INTO driver (id) VALUES ('09fe7587-487a-49ba-8188-ec1a9ddc7b3f');
INSERT INTO user_roles (user_id, roles) VALUES ('09fe7587-487a-49ba-8188-ec1a9ddc7b3f', 1);

INSERT INTO user_entity (id, username, password, email, phone_number, personal_description, avatar, full_name, account_non_expired, account_non_locked, credentials_non_expired, enabled) VALUES ('d85d42e8-5950-4b7a-9a1d-06716fa8ef47', 'miguel', '{bcrypt}$2a$12$XH8wT6/caAydqRgAMb1pn.B44Jby3J8b5Uz82kfqOh2QLmpJbpn1G', 'miguel@gmail.com', '706424242', 'Trabajo en Sevilla en los Salesianos de Triana', 'https://png.pngtree.com/png-clipart/20230927/original/pngtree-man-avatar-image-for-profile-png-image_13001877.png', 'Miguel Campos González', true, true, true, true);
INSERT INTO driver (id) VALUES ('d85d42e8-5950-4b7a-9a1d-06716fa8ef47');
INSERT INTO user_roles (user_id, roles) VALUES ('d85d42e8-5950-4b7a-9a1d-06716fa8ef47', 1);

INSERT INTO user_entity (id, username, password, email, phone_number, personal_description, avatar, full_name, account_non_expired, account_non_locked, credentials_non_expired, enabled) VALUES ('f47ac10b-58cc-4372-a567-0e02b2c3d479', 'fran', '{bcrypt}$2a$12$XH8wT6/caAydqRgAMb1pn.B44Jby3J8b5Uz82kfqOh2QLmpJbpn1G', 'miguel@gmail.com', '604234567', 'Me gusta viajar', 'https://png.pngtree.com/png-clipart/20230927/original/pngtree-man-avatar-image-for-profile-png-image_13001877.png', 'Fran Ruíz Prieto', true, true, true, true);
INSERT INTO passenger (id) VALUES ('f47ac10b-58cc-4372-a567-0e02b2c3d479');
INSERT INTO user_roles (user_id, roles) VALUES ('f47ac10b-58cc-4372-a567-0e02b2c3d479', 2);

INSERT INTO user_entity (id, username, password, email, phone_number, personal_description, avatar, full_name, account_non_expired, account_non_locked, credentials_non_expired, enabled) VALUES ('ef9458e8-7834-4df8-ba48-79aadfaa42d3', 'fernando', '{bcrypt}$2a$12$XH8wT6/caAydqRgAMb1pn.B44Jby3J8b5Uz82kfqOh2QLmpJbpn1G', 'fernando@gmail.com', '606040205', 'Trabajo en Sevilla en formato hibrido por lo que viajo esporadicamente', 'https://png.pngtree.com/png-clipart/20230927/original/pngtree-man-avatar-image-for-profile-png-image_13001877.png', 'Fernando Pérez Gil', true, true, true, true);
INSERT INTO passenger (id) VALUES ('ef9458e8-7834-4df8-ba48-79aadfaa42d3');
INSERT INTO user_roles (user_id, roles) VALUES ('ef9458e8-7834-4df8-ba48-79aadfaa42d3', 2);

INSERT INTO trip (id, departure_place, arrival_place, departure_time, estimated_duration, arrival_time, price, trip_description, driver_id) VALUES ('5d9458e8-7834-4df8-ba48-79aadfaa42d3', 'Seville', 'Sanlúcar de Barrameda', '2024-05-01T10:00:00', 120, '2024-05-01T12:00:00', 7.99, 'Tengo espacio para tres pasajeros, no tengo flexibilidad en el lugar de llegada y equipaje de mano', '09fe7587-487a-49ba-8188-ec1a9ddc7b3f');
INSERT INTO trip (id, departure_place, arrival_place, departure_time, estimated_duration, arrival_time, price, trip_description, driver_id) VALUES ('6f9458e8-7834-4df8-ba48-79aadfaa42d4', 'Seville', 'Sanlúcar de Barrameda', '2024-05-01T17:15:00', 120, '2024-05-01T18:30:00', 8.99, 'Puedo dejar en lugares cercanos Sanlúcar, dos pasajeros con maleta de mano', 'd85d42e8-5950-4b7a-9a1d-06716fa8ef47');
INSERT INTO trip (id, departure_place, arrival_place, departure_time, estimated_duration, arrival_time, price, trip_description, driver_id) VALUES ('cf9458e8-7834-4df8-ba48-79aadfaa42d5', 'Madrid', 'Barcelona', '2024-05-23T08:30:00', 180, '2024-02-23T11:30:00', 15.99, 'Viaje a Barcelona', 'd85d42e8-5950-4b7a-9a1d-06716fa8ef47');
INSERT INTO trip (id, departure_place, arrival_place, departure_time, estimated_duration, arrival_time, price, trip_description, driver_id) VALUES ('df9458e8-7834-4df8-ba48-79aadfaa42d6', 'Seville', 'Sanlúcar de Barrameda', '2024-05-01T15:00:00', 90, '2024-05-01T16:15:00', 5.99, 'Viaje a Cádiz con espacio para dos pasajeros', '09fe7587-487a-49ba-8188-ec1a9ddc7b3f');
INSERT INTO trip (id, departure_place, arrival_place, departure_time, estimated_duration, arrival_time, price, trip_description, driver_id) VALUES ('af9458e8-7834-4df8-ba48-79aadfaa42d7', 'Seville', 'Sanlúcar de Barrameda', '2024-05-01T18:15:00', 180, '2024-05-20T19:30:00', 12.99, 'Viaje a Valencia con parada en ciudades intermedias', 'd85d42e8-5950-4b7a-9a1d-06716fa8ef47');

INSERT INTO reserve (id, reserve_date, passenger_id, trip_id) VALUES ('100a570a-3b5f-4b51-ace0-44c8dd7580db', '2024-04-29T17:15:00', 'f47ac10b-58cc-4372-a567-0e02b2c3d479', '5d9458e8-7834-4df8-ba48-79aadfaa42d3');
INSERT INTO reserve (id, reserve_date, passenger_id, trip_id) VALUES ('9fedff98-d9f4-46b7-809c-cce716ed6699', '2024-05-1T17:19:00', 'f47ac10b-58cc-4372-a567-0e02b2c3d479', '6f9458e8-7834-4df8-ba48-79aadfaa42d4');
INSERT INTO reserve (id, reserve_date, passenger_id, trip_id) VALUES ('ba262511-1e49-4ebf-bfba-930b86e1a092', '2024-04-29T10:30:00', 'ef9458e8-7834-4df8-ba48-79aadfaa42d3', '6f9458e8-7834-4df8-ba48-79aadfaa42d4');

INSERT INTO rating (id, rating_date, rating_value, feedback, passenger_id, driver_id) VALUES ('d42504ee-dc7f-4025-beff-6ec4af0f567d', '2024-05-1T22:22:00', 4.6, 'Un viaje ameno y agradeble, lo recomiendo', 'f47ac10b-58cc-4372-a567-0e02b2c3d479', '09fe7587-487a-49ba-8188-ec1a9ddc7b3f');
INSERT INTO rating (id, rating_date, rating_value, feedback, passenger_id, driver_id) VALUES ('846fb48c-fe49-4e53-bb5a-50cf08691bfc', '2024-06-1T14:00:00', 5.0, 'Un viaje muy comodo y divertido', 'ef9458e8-7834-4df8-ba48-79aadfaa42d3', '09fe7587-487a-49ba-8188-ec1a9ddc7b3f');
INSERT INTO rating (id, rating_date, rating_value, feedback, passenger_id, driver_id) VALUES ('8007b140-753e-40a9-8912-877e36058e99', '2024-07-1T16:00:00', 3.8, 'Buenas habilidades de conducción', 'f47ac10b-58cc-4372-a567-0e02b2c3d479', 'd85d42e8-5950-4b7a-9a1d-06716fa8ef47');